{
  "swagger": "2.0",
  "info": {
    "version": "2017-01-12T02:52:43Z",
    "title": "API_GATEWAY_NAME_REPLACE_ME"
  },
  "host": "e9djdv2xjb.execute-api.REGION_REPLACE_ME.amazonaws.com",
  "basePath": "/prd",
  "schemes": [
    "https"
  ],
  "paths": {
    "/picture": {
      "options": {
        "consumes": [
          "application/json"
        ],
        "produces": [
          "application/json"
        ],
        "responses": {
          "200": {
            "description": "200 response",
            "schema": {
              "$ref": "#/definitions/Empty"
            },
            "headers": {
              "Access-Control-Allow-Origin": {
                "type": "string"
              },
              "Access-Control-Allow-Methods": {
                "type": "string"
              },
              "Access-Control-Allow-Headers": {
                "type": "string"
              }
            }
          }
        },
        "x-amazon-apigateway-integration": {
          "responses": {
            "default": {
              "statusCode": "200",
              "responseParameters": {
                "method.response.header.Access-Control-Allow-Methods": "'OPTIONS'",
                "method.response.header.Access-Control-Allow-Headers": "'Content-Type,X-Amz-Date,Authorization,X-Api-Key,X-Amz-Security-Token'",
                "method.response.header.Access-Control-Allow-Origin": "'*'"
              }
            }
          },
          "requestTemplates": {
            "application/json": "{\"statusCode\": 200}"
          },
          "passthroughBehavior": "when_no_match",
          "type": "mock"
        }
      }
    },
    "/picture/search": {
      "post": {
        "produces": [
          "application/json"
        ],
        "responses": {
          "200": {
            "description": "200 response",
            "schema": {
              "$ref": "#/definitions/Empty"
            },
            "headers": {
              "Access-Control-Allow-Origin": {
                "type": "string"
              }
            }
          }
        },
        "security": [
          {
            "COGNITO_POOL_NAME_REPLACE_ME": []
          }
        ],
        "x-amazon-apigateway-integration": {
          "responses": {
            "default": {
              "statusCode": "200",
              "responseParameters": {
                "method.response.header.Access-Control-Allow-Origin": "'*'"
              }
            }
          },
          "uri": "arn:aws:apigateway:REGION_REPLACE_ME:lambda:path/2015-03-31/functions/REKOGNITION_SEARCH_FUNCTION_ARN_REPLACE_ME/invocations",
          "passthroughBehavior": "when_no_match",
          "httpMethod": "POST",
          "contentHandling": "CONVERT_TO_TEXT",
          "type": "aws_proxy"
        }
      },
      "options": {
        "consumes": [
          "application/json"
        ],
        "produces": [
          "application/json"
        ],
        "responses": {
          "200": {
            "description": "200 response",
            "schema": {
              "$ref": "#/definitions/Empty"
            },
            "headers": {
              "Access-Control-Allow-Origin": {
                "type": "string"
              },
              "Access-Control-Allow-Methods": {
                "type": "string"
              },
              "Access-Control-Allow-Headers": {
                "type": "string"
              }
            }
          }
        },
        "x-amazon-apigateway-integration": {
          "responses": {
            "default": {
              "statusCode": "200",
              "responseParameters": {
                "method.response.header.Access-Control-Allow-Methods": "'POST,OPTIONS'",
                "method.response.header.Access-Control-Allow-Headers": "'Content-Type,X-Amz-Date,Authorization,X-Api-Key,X-Amz-Security-Token'",
                "method.response.header.Access-Control-Allow-Origin": "'*'"
              }
            }
          },
          "requestTemplates": {
            "application/json": "{\"statusCode\": 200}"
          },
          "passthroughBehavior": "when_no_match",
          "type": "mock"
        }
      }
    }
  },
  "securityDefinitions": {
    "COGNITO_POOL_NAME_REPLACE_ME": {
      "type": "apiKey",
      "name": "Authorization",
      "in": "header",
      "x-amazon-apigateway-authtype": "cognito_user_pools",
      "x-amazon-apigateway-authorizer": {
        "providerARNs": [
          "POOL_ARN_REPLACE_ME"
        ],
        "type": "cognito_user_pools"
      }
    }
  },
  "definitions": {
    "Empty": {
      "type": "object",
      "title": "Empty Schema"
    }
  },
  "x-amazon-apigateway-binary-media-types": [
    "image/png",
    "image/jpg"
  ]
}